{"cameraMode":{"drawMode":0,"name":"Shaded","section":"Shading Mode"},"sceneLighting":false,"audioPlay":false,"sceneViewState":{"m_AlwaysRefresh":false,"showFog":true,"showSkybox":false,"showFlares":true,"showImageEffects":true,"showParticleSystems":true,"showVisualEffectGraphs":true,"m_FxEnabled":true},"in2DMode":false,"pivot":{"x":0.2003994584083557,"y":0.042732834815979007,"z":-0.01078343391418457},"rotation":{"x":0.44115880131721499,"y":-0.005384521558880806,"z":0.0026469845324754717,"w":0.8974094390869141},"size":8.087294578552246,"orthographic":false}