{"cameraMode":{"drawMode":0,"name":"Shaded","section":"Shading Mode"},"sceneLighting":true,"audioPlay":false,"sceneViewState":{"m_AlwaysRefresh":false,"showFog":true,"showSkybox":true,"showFlares":true,"showImageEffects":true,"showParticleSystems":true,"showVisualEffectGraphs":true,"m_FxEnabled":true},"in2DMode":false,"pivot":{"x":100.08676147460938,"y":1.1066131591796876,"z":20.014921188354493},"rotation":{"x":0.7579352259635925,"y":-0.013693829998373986,"z":0.015918977558612825,"w":0.6519919037818909},"size":49.204490661621097,"orthographic":false}