{"cameraMode":{"drawMode":0,"name":"Shaded","section":"Shading Mode"},"sceneLighting":false,"audioPlay":false,"sceneViewState":{"m_AlwaysRefresh":false,"showFog":true,"showSkybox":false,"showFlares":true,"showImageEffects":true,"showParticleSystems":true,"showVisualEffectGraphs":true,"m_FxEnabled":true},"in2DMode":false,"pivot":{"x":-0.2270517349243164,"y":4.762598037719727,"z":-0.9174156188964844},"rotation":{"x":0.22397969663143159,"y":-0.004385629203170538,"z":0.001007905462756753,"w":0.9745846390724182},"size":16.386146545410158,"orthographic":false}