{"cameraMode":{"drawMode":0,"name":"Shaded","section":"Shading Mode"},"sceneLighting":false,"audioPlay":false,"sceneViewState":{"m_AlwaysRefresh":false,"showFog":true,"showSkybox":false,"showFlares":true,"showImageEffects":true,"showParticleSystems":true,"showVisualEffectGraphs":true,"m_FxEnabled":true},"in2DMode":false,"pivot":{"x":0.041871070861816409,"y":0.1000514030456543,"z":-0.018220901489257814},"rotation":{"x":0.4691787660121918,"y":-0.010596796870231629,"z":0.005630417726933956,"w":0.8830230832099915},"size":7.484275817871094,"orthographic":false}