{"cameraMode":{"drawMode":0,"name":"Shaded","section":"Shading Mode"},"sceneLighting":false,"audioPlay":false,"sceneViewState":{"m_AlwaysRefresh":false,"showFog":true,"showSkybox":false,"showFlares":true,"showImageEffects":true,"showParticleSystems":true,"showVisualEffectGraphs":true,"m_FxEnabled":true},"in2DMode":false,"pivot":{"x":0.3281688690185547,"y":-3.8963828086853029,"z":-0.6772956848144531},"rotation":{"x":0.22397969663143159,"y":-0.004385629203170538,"z":0.001007905462756753,"w":0.9745846390724182},"size":17.595863342285158,"orthographic":false}